Trade #,Type,Signal,Date/Time,Price USD,Contracts,Profit USD,Profit %,Cum. Profit USD,Cum. Profit %,Run-up USD,Run-up %,Drawdown USD,Drawdown %
222,Exit Long,Open,,,,,,,,,,,
222,Entry Long,Buy,2024-09-12 00:00,58256,,,,,,,,,
221,Exit Short,Close Sell,2024-09-12 00:00,58256,81222.907611,95112024.81,1.97,4802325709.19,2.02,558894827.27,11.58,142546202.86,2.95
221,Entry Short,Sell,2024-08-27 20:00,59427,81222.907611,95112024.81,1.97,4802325709.19,2.02,558894827.27,11.58,142546202.86,2.95
220,Exit Long,Close Buy,2024-08-27 20:00,59427,96126.455644,-118620046.26,-2.03,4707213684.38,-2.46,426993715.97,7.32,247141117.46,4.24
220,Entry Long,Buy,2024-08-20 00:00,60661,96126.455644,-118620046.26,-2.03,4707213684.38,-2.46,426993715.97,7.32,247141117.46,4.24
219,Exit Short,Close Sell,2024-08-20 00:00,60661,126056.633013,-1004293195.21,-15.12,4825833730.64,-17.22,392918525.10,5.92,1264978312.29,19.04
219,Entry Short,Sell,2024-08-05 04:00,52694,126056.633013,-1004293195.21,-15.12,4825833730.64,-17.22,392918525.10,5.92,1264978312.29,19.04
218,Exit Long,Close Buy,2024-08-05 04:00,52694,99803.333025,-811301294.16,-13.37,5830126925.86,-12.21,917492040.50,15.11,1115402049.89,18.37
218,Entry Long,Buy,2024-07-14 20:00,60823,99803.333025,-811301294.16,-13.37,5830126925.86,-12.21,917492040.50,15.11,1115402049.89,18.37
217,Exit Short,Close Sell,2024-07-14 20:00,60823,85221.226784,572090095.40,9.94,6641428220.02,9.42,1191904077.80,20.71,210581651.38,3.66
217,Entry Short,Sell,2024-06-11 04:00,67536,85221.226784,572090095.40,9.94,6641428220.02,9.42,1191904077.80,20.71,210581651.38,3.66
216,Exit Long,Close Buy,2024-06-11 04:00,67536,85833.520307,314837352.49,5.74,6069338124.62,5.47,694393179.28,12.67,316897356.97,5.78
216,Entry Long,Buy,2024-05-04 08:00,63868,85833.520307,314837352.49,5.74,6069338124.62,5.47,694393179.28,12.67,316897356.97,5.78
215,Exit Short,Close Sell,2024-05-04 08:00,63868,83328.914417,273485497.12,4.89,5754500772.13,4.99,887452938.54,15.86,64996553.25,1.16
215,Entry Short,Sell,2024-04-12 20:00,67150,83328.914417,273485497.12,4.89,5754500772.13,4.99,887452938.54,15.86,64996553.25,1.16
214,Exit Long,Close Buy,2024-04-12 20:00,67150,84214.635097,-113521328.11,-1.97,5481015275.01,-2.03,358585916.24,6.22,275213427.50,4.77
214,Entry Long,Buy,2024-04-04 16:00,68498,84214.635097,-113521328.11,-1.97,5481015275.01,-2.03,358585916.24,6.22,275213427.50,4.77
213,Exit Short,Close Sell,2024-04-04 16:00,68498,87815.975539,-172997471.81,-2.96,5594536603.12,-3.00,177124822.66,3.03,245884731.51,4.21
213,Entry Short,Sell,2024-04-02 04:00,66528,87815.975539,-172997471.81,-2.96,5594536603.12,-3.00,177124822.66,3.03,245884731.51,4.21
212,Exit Long,Close Buy,2024-04-02 04:00,66528,90971.784901,-73687145.77,-1.20,5767534074.94,-1.26,401731402.12,6.56,120537614.99,1.97
212,Entry Long,Buy,2024-03-25 00:00,67338,90971.784901,-73687145.77,-1.20,5767534074.94,-1.26,401731402.12,6.56,120537614.99,1.97
211,Exit Short,Close Sell,2024-03-25 00:00,67338,65626.291295,-283636830.98,-6.86,5841221220.71,-4.63,148052913.16,3.58,343422382.35,8.30
211,Entry Short,Sell,2024-03-19 08:00,63016,65626.291295,-283636830.98,-6.86,5841221220.71,-4.63,148052913.16,3.58,343422382.35,8.30
210,Exit Long,Close Buy,2024-03-19 08:00,63016,95268.604223,1990351679.43,49.60,6124858051.68,48.13,3017156695.74,75.18,47157959.09,1.18
210,Entry Long,Buy,2024-01-27 20:00,42124,95268.604223,1990351679.43,49.60,6124858051.68,48.13,3017156695.74,75.18,47157959.09,1.18
209,Exit Short,Close Sell,2024-01-27 20:00,42124,94090.459599,122411687.94,3.00,4134506372.26,3.05,462925061.23,11.33,55137009.33,1.35
209,Entry Short,Sell,2024-01-12 16:00,43425,94090.459599,122411687.94,3.00,4134506372.26,3.05,462925061.23,11.33,55137009.33,1.35
208,Exit Long,Close Buy,2024-01-12 16:00,43425,95516.435395,-72783523.77,-1.72,4012094684.32,-1.78,464305392.46,11.00,261046417.93,6.19
208,Entry Long,Buy,2024-01-01 20:00,44187,95516.435395,-72783523.77,-1.72,4012094684.32,-1.78,464305392.46,11.00,261046417.93,6.19
207,Exit Short,Close Sell,2024-01-01 20:00,44187,64576.47302,-134706522.72,-4.95,4084878208.09,-3.19,51338296.05,1.89,135029405.08,4.97
207,Entry Short,Sell,2023-12-29 16:00,42101,64576.47302,-134706522.72,-4.95,4084878208.09,-3.19,51338296.05,1.89,135029405.08,4.97
206,Exit Long,Close Buy,2023-12-29 16:00,42101,100613.026071,1501850640.16,54.93,4219584730.81,55.24,1766261672.68,64.60,5131264.33,0.19
206,Entry Long,Buy,2023-10-15 20:00,27174,100613.026071,1501850640.16,54.93,4219584730.81,55.24,1766261672.68,64.60,5131264.33,0.19
205,Exit Short,Close Sell,2023-10-15 20:00,27174,101485.296902,-15324279.83,-0.56,2717734090.65,-0.56,49727795.48,1.81,30953015.56,1.13
205,Entry Short,Sell,2023-10-11 00:00,27023,101485.296902,-15324279.83,-0.56,2717734090.65,-0.56,49727795.48,1.81,30953015.56,1.13
204,Exit Long,Close Buy,2023-10-11 00:00,27023,104735.096487,-8378807.72,-0.30,2733058370.48,-0.31,155950558.67,5.49,44093475.62,1.55
204,Entry Long,Buy,2023-09-28 16:00,27103,104735.096487,-8378807.72,-0.30,2733058370.48,-0.31,155950558.67,5.49,44093475.62,1.55
203,Exit Short,Close Sell,2023-09-28 16:00,27103,112512.446667,-96198141.90,-3.26,2741437178.20,-3.39,30490873.05,1.03,118025556.55,4.00
203,Entry Short,Sell,2023-09-24 20:00,26248,112512.446667,-96198141.90,-3.26,2741437178.20,-3.39,30490873.05,1.03,118025556.55,4.00
202,Exit Long,Close Buy,2023-09-24 20:00,26248,119615.219243,-114591380.03,-3.52,2837635320.10,-3.88,33492261.39,1.03,126552901.96,3.89
202,Entry Long,Buy,2023-09-18 08:00,27206,119615.219243,-114591380.03,-3.52,2837635320.10,-3.88,33492261.39,1.03,126552901.96,3.89
201,Exit Short,Close Sell,2023-09-18 08:00,27206,143345.216482,-301024954.61,-8.36,2952226700.13,-9.25,26662210.27,0.74,305612001.54,8.49
201,Entry Short,Sell,2023-09-11 12:00,25106,143345.216482,-301024954.61,-8.36,2952226700.13,-9.25,26662210.27,0.74,305612001.54,8.49
200,Exit Long,Close Buy,2023-09-11 12:00,25106,125710.817321,-344573350.28,-9.84,3253251654.74,-9.57,4777011.06,0.14,363304262.06,10.38
200,Entry Long,Buy,2023-08-29 16:00,27847,125710.817321,-344573350.28,-9.84,3253251654.74,-9.57,4777011.06,0.14,363304262.06,10.38
199,Exit Short,Close Sell,2023-08-29 16:00,27847,126164.363856,98155875.08,2.72,3597825005.02,2.80,413188291.63,11.44,5298903.28,0.15
199,Entry Short,Sell,2023-08-17 00:00,28625,126164.363856,98155875.08,2.72,3597825005.02,2.80,413188291.63,11.44,5298903.28,0.15
198,Exit Long,Close Buy,2023-08-17 00:00,28625,124060.230056,-110785785.44,-3.03,3499669129.94,-3.07,85849679.20,2.34,151105360.21,4.13
198,Entry Long,Buy,2023-08-08 12:00,29518,124060.230056,-110785785.44,-3.03,3499669129.94,-3.07,85849679.20,2.34,151105360.21,4.13
197,Exit Short,Close Sell,2023-08-08 12:00,29518,116486.072439,-50554955.44,-1.49,3610454915.38,-1.38,59407896.94,1.75,109613394.17,3.24
197,Entry Short,Sell,2023-07-24 12:00,29084,116486.072439,-50554955.44,-1.49,3610454915.38,-1.38,59407896.94,1.75,109613394.17,3.24
196,Exit Long,Close Buy,2023-07-24 12:00,29084,125001.796626,274128940.00,8.16,3661009870.82,8.09,615883851.98,18.32,30000431.19,0.89
196,Entry Long,Buy,2023-06-20 00:00,26891,125001.796626,274128940.00,8.16,3661009870.82,8.09,615883851.98,18.32,30000431.19,0.89
195,Exit Short,Close Sell,2023-06-20 00:00,26891,124800.083673,26457617.74,0.78,3386880930.82,0.79,292905796.38,8.66,43430429.12,1.28
195,Entry Short,Sell,2023-05-31 08:00,27103,124800.083673,26457617.74,0.78,3386880930.82,0.79,292905796.38,8.66,43430429.12,1.28
194,Exit Long,Close Buy,2023-05-31 08:00,27103,118832.512553,-21033354.72,-0.65,3360423313.08,-0.62,139271704.71,4.30,34342596.13,1.06
194,Entry Long,Buy,2023-05-28 12:00,27280,118832.512553,-21033354.72,-0.65,3360423313.08,-0.62,139271704.71,4.30,34342596.13,1.06
193,Exit Short,Close Sell,2023-05-28 12:00,27280,113107.496254,140705725.34,4.36,3381456667.80,4.34,308104819.80,9.55,150093647.53,4.65
193,Entry Short,Sell,2023-05-01 08:00,28524,113107.496254,140705725.34,4.36,3381456667.80,4.34,308104819.80,9.55,150093647.53,4.65
192,Exit Long,Close Buy,2023-05-01 08:00,28524,112939.556825,15472719.29,0.48,3240750942.46,0.48,184656175.41,5.76,129315792.56,4.03
192,Entry Long,Buy,2023-04-26 04:00,28387,112939.556825,15472719.29,0.48,3240750942.46,0.48,184656175.41,5.76,129315792.56,4.03
191,Exit Short,Close Sell,2023-04-26 04:00,28387,88100.102501,20263023.58,0.80,3225278223.18,0.63,144131767.69,5.72,32420837.72,1.29
191,Entry Short,Sell,2023-04-20 08:00,28617,88100.102501,20263023.58,0.80,3225278223.18,0.63,144131767.69,5.72,32420837.72,1.29
190,Exit Long,Close Buy,2023-04-20 08:00,28617,108931.854033,684854566.31,28.15,3205015199.60,27.16,948251789.36,38.98,46840697.23,1.93
190,Entry Long,Buy,2023-03-13 00:00,22330,108931.854033,684854566.31,28.15,3205015199.60,27.16,948251789.36,38.98,46840697.23,1.93
189,Exit Short,Close Sell,2023-03-13 00:00,22330,103153.875253,88712332.72,3.71,2520160633.30,3.65,373520182.29,15.61,82523100.20,3.45
189,Entry Short,Sell,2023-02-24 16:00,23190,103153.875253,88712332.72,3.71,2520160633.30,3.65,373520182.29,15.61,82523100.20,3.45
188,Exit Long,Close Buy,2023-02-24 16:00,23190,107780.570724,40309933.45,1.64,2431448300.58,1.69,264493520.56,10.76,6359053.67,0.26
188,Entry Long,Buy,2023-02-15 12:00,22816,107780.570724,40309933.45,1.64,2431448300.58,1.69,264493520.56,10.76,6359053.67,0.26
187,Exit Short,Close Sell,2023-02-15 12:00,22816,85546.787383,-66983134.52,-3.55,2391138367.13,-2.72,56204239.31,2.98,74682345.39,3.96
187,Entry Short,Sell,2023-02-09 16:00,22033,85546.787383,-66983134.52,-3.55,2391138367.13,-2.72,56204239.31,2.98,74682345.39,3.96
186,Exit Long,Close Buy,2023-02-09 16:00,22033,111012.784695,574269135.23,30.68,2458121501.65,30.47,821272581.17,43.88,21203441.88,1.13
186,Entry Long,Buy,2023-01-04 00:00,16860,111012.784695,574269135.23,30.68,2458121501.65,30.47,821272581.17,43.88,21203441.88,1.13
185,Exit Short,Close Sell,2023-01-04 00:00,16860,115586.109322,13176816.46,0.67,1883852366.42,0.70,78714140.45,4.01,8322199.87,0.42
185,Entry Short,Sell,2022-12-16 12:00,16974,115586.109322,13176816.46,0.67,1883852366.42,0.70,78714140.45,4.01,8322199.87,0.42
184,Exit Long,Close Buy,2022-12-16 12:00,16974,116344.161956,-90283069.68,-4.37,1870675549.96,-4.60,72482412.90,3.51,98427161.01,4.77
184,Entry Long,Buy,2022-12-13 12:00,17750,116344.161956,-90283069.68,-4.37,1870675549.96,-4.60,72482412.90,3.51,98427161.01,4.77
183,Exit Short,Close Sell,2022-12-13 12:00,17750,123681.361017,-103150255.09,-4.93,1960958619.64,-4.99,865769.53,0.04,147180819.61,7.03
183,Entry Short,Sell,2022-12-12 00:00,16916,123681.361017,-103150255.09,-4.93,1960958619.64,-4.99,865769.53,0.04,147180819.61,7.03
182,Exit Long,Close Buy,2022-12-12 00:00,16916,106633.969451,-27085028.24,-1.48,2064108874.73,-1.29,26445224.42,1.44,46492410.68,2.54
182,Entry Long,Buy,2022-11-30 20:00,17170,106633.969451,-27085028.24,-1.48,2064108874.73,-1.29,26445224.42,1.44,46492410.68,2.54
181,Exit Short,Close Sell,2022-11-30 20:00,17170,88273.191717,261288647.48,14.70,2091193902.97,14.27,410558614.68,23.10,46873064.80,2.64
181,Entry Short,Sell,2022-11-08 00:00,20130,88273.191717,261288647.48,14.70,2091193902.97,14.27,410558614.68,23.10,46873064.80,2.64
180,Exit Long,Close Buy,2022-11-08 00:00,20130,91312.87006,53965906.21,3.02,1829905255.48,3.04,176599090.70,9.90,80264012.78,4.50
180,Entry Long,Buy,2022-10-17 12:00,19539,91312.87006,53965906.21,3.02,1829905255.48,3.04,176599090.70,9.90,80264012.78,4.50
179,Exit Short,Close Sell,2022-10-17 12:00,19539,95037.090035,-7222818.84,-0.39,1775939349.28,-0.40,121647475.24,6.58,45997951.58,2.49
179,Entry Short,Sell,2022-10-07 16:00,19463,95037.090035,-7222818.84,-0.39,1775939349.28,-0.40,121647475.24,6.58,45997951.58,2.49
178,Exit Long,Close Buy,2022-10-07 16:00,19463,91160.939148,-65544715.25,-3.56,1783162168.12,-3.54,26163189.54,1.42,156887976.27,8.53
178,Entry Long,Buy,2022-09-27 04:00,20182,91160.939148,-65544715.25,-3.56,1783162168.12,-3.54,26163189.54,1.42,156887976.27,8.53
177,Exit Short,Close Sell,2022-09-27 04:00,20182,93366.127147,9896809.48,0.52,1848706883.37,0.54,198963216.95,10.50,22221138.26,1.17
177,Entry Short,Sell,2022-09-13 16:00,20288,93366.127147,9896809.48,0.52,1848706883.37,0.54,198963216.95,10.50,22221138.26,1.17
176,Exit Long,Close Buy,2022-09-13 16:00,20288,82302.441255,-54401913.67,-3.16,1838810073.89,-2.87,150778072.38,8.75,73331475.16,4.25
176,Entry Long,Buy,2022-09-09 08:00,20949,82302.441255,-54401913.67,-3.16,1838810073.89,-2.87,150778072.38,8.75,73331475.16,4.25
175,Exit Short,Close Sell,2022-09-09 08:00,20949,72986.32863,170058145.71,10.01,1893211987.56,9.86,345882211.38,20.36,22917707.19,1.35
175,Entry Short,Sell,2022-08-17 16:00,23279,72986.32863,170058145.71,10.01,1893211987.56,9.86,345882211.38,20.36,22917707.19,1.35
174,Exit Long,Close Buy,2022-08-17 16:00,23279,80984.185979,25105097.65,1.35,1723153841.85,1.48,181647529.15,9.77,46080001.82,2.48
174,Entry Long,Buy,2022-07-27 20:00,22969,80984.185979,25105097.65,1.35,1723153841.85,1.48,181647529.15,9.77,46080001.82,2.48
173,Exit Short,Close Sell,2022-07-27 20:00,22969,88070.127358,-161080262.94,-8.65,1698048744.20,-8.66,38750856.04,2.08,173762361.28,9.33
173,Entry Short,Sell,2022-07-26 00:00,21140,88070.127358,-161080262.94,-8.65,1698048744.20,-8.66,38750856.04,2.08,173762361.28,9.33
172,Exit Long,Close Buy,2022-07-26 00:00,21140,89051.57615,-1691979.95,-0.09,1859129007.14,-0.09,277929969.16,14.75,61089381.24,3.24
172,Entry Long,Buy,2022-07-15 16:00,21159,89051.57615,-1691979.95,-0.09,1859129007.14,-0.09,277929969.16,14.75,61089381.24,3.24
171,Exit Short,Close Sell,2022-07-15 16:00,21159,93167.515575,-22453371.25,-1.15,1860820987.08,-1.19,187453041.34,9.62,23478213.92,1.20
171,Entry Short,Sell,2022-07-10 16:00,20918,93167.515575,-22453371.25,-1.15,1860820987.08,-1.19,187453041.34,9.62,23478213.92,1.20
170,Exit Long,Close Buy,2022-07-10 16:00,20918,70476.58053,-64627024.35,-4.20,1883274358.34,-3.32,39889744.58,2.59,84924279.54,5.52
170,Entry Long,Buy,2022-07-07 16:00,21835,70476.58053,-64627024.35,-4.20,1883274358.34,-3.32,39889744.58,2.59,84924279.54,5.52
169,Exit Short,Close Sell,2022-07-07 16:00,21835,57735.000077,410033970.55,24.54,1947901382.68,26.65,654945840.87,39.20,26962245.04,1.61
169,Entry Short,Sell,2022-06-10 16:00,28937,57735.000077,410033970.55,24.54,1947901382.68,26.65,654945840.87,39.20,26962245.04,1.61
168,Exit Long,Close Buy,2022-06-10 16:00,28937,56378.602159,-131813171.85,-7.48,1537867412.14,-7.89,26046914.20,1.48,137676546.47,7.81
168,Entry Long,Buy,2022-06-06 04:00,31275,56378.602159,-131813171.85,-7.48,1537867412.14,-7.89,26046914.20,1.48,137676546.47,7.81
167,Exit Short,Close Sell,2022-06-06 04:00,31275,62204.055621,-92559634.76,-5.00,1669680583.98,-5.25,34461046.81,1.86,100335141.72,5.42
167,Entry Short,Sell,2022-06-01 20:00,29787,62204.055621,-92559634.76,-5.00,1669680583.98,-5.25,34461046.81,1.86,100335141.72,5.42
166,Exit Long,Close Buy,2022-06-01 20:00,29787,46119.787902,-89656867.68,-6.13,1762240218.75,-4.84,29747263.20,2.03,111656006.51,7.63
166,Entry Long,Buy,2022-05-30 20:00,31731,46119.787902,-89656867.68,-6.13,1762240218.75,-4.84,29747263.20,2.03,111656006.51,7.63
165,Exit Short,Close Sell,2022-05-30 20:00,31731,31289.463335,389459950.13,28.17,1851897086.43,26.61,587522253.04,42.50,3254104.19,0.24
165,Entry Short,Sell,2022-04-06 12:00,44178,31289.463335,389459950.13,28.17,1851897086.43,26.61,587522253.04,42.50,3254104.19,0.24
164,Exit Long,Close Buy,2022-04-06 12:00,44178,34002.110146,81129034.81,5.71,1462437136.30,5.87,219041593.56,15.41,143658915.37,10.11
164,Entry Long,Buy,2022-03-09 04:00,41792,34002.110146,81129034.81,5.71,1462437136.30,5.87,219041593.56,15.41,143658915.37,10.11
163,Exit Short,Close Sell,2022-03-09 04:00,41792,35483.506905,-38712506.03,-2.68,1381308101.49,-2.72,125292262.88,8.68,42402790.75,2.94
163,Entry Short,Sell,2022-03-04 12:00,40701,35483.506905,-38712506.03,-2.68,1381308101.49,-2.72,125292262.88,8.68,42402790.75,2.94
162,Exit Long,Close Buy,2022-03-04 12:00,40701,35021.724067,-23184381.33,-1.60,1420020607.52,-1.61,139001222.82,9.60,28437639.94,1.96
162,Entry Long,Buy,2022-02-28 16:00,41363,35021.724067,-23184381.33,-1.60,1420020607.52,-1.61,139001222.82,9.60,28437639.94,1.96
161,Exit Short,Close Sell,2022-02-28 16:00,41363,34775.978693,-4381773.32,-0.31,1443204988.86,-0.30,240406340.70,16.76,8311458.91,0.58
161,Entry Short,Sell,2022-02-17 16:00,41237,34775.978693,-4381773.32,-0.31,1443204988.86,-0.30,240406340.70,16.76,8311458.91,0.58
160,Exit Long,Close Buy,2022-02-17 16:00,41237,29680.896285,14543639.18,1.20,1447586762.17,1.01,151461613.74,12.52,10239909.22,0.85
160,Entry Long,Buy,2022-02-04 16:00,40747,29680.896285,14543639.18,1.20,1447586762.17,1.01,151461613.74,12.52,10239909.22,0.85
159,Exit Short,Close Sell,2022-02-04 16:00,40747,24895.43242,224631486.73,18.13,1433043122.99,18.57,418716277.87,33.79,57981462.11,4.68
159,Entry Short,Sell,2021-12-26 08:00,49770,24895.43242,224631486.73,18.13,1433043122.99,18.57,418716277.87,33.79,57981462.11,4.68
158,Exit Long,Close Buy,2021-12-26 08:00,49770,21552.025676,-29634035.30,-2.69,1208411636.27,-2.39,15517458.49,1.41,36336715.29,3.30
158,Entry Long,Buy,2021-12-23 16:00,51145,21552.025676,-29634035.30,-2.69,1208411636.27,-2.39,15517458.49,1.41,36336715.29,3.30
157,Exit Short,Close Sell,2021-12-23 16:00,51145,14106.051498,136772275.32,15.94,1238045671.57,12.41,266223509.92,31.02,8026343.30,0.94
157,Entry Short,Sell,2021-11-16 04:00,60841,14106.051498,136772275.32,15.94,1238045671.57,12.41,266223509.92,31.02,8026343.30,0.94
156,Exit Long,Close Buy,2021-11-16 04:00,60841,18282.200306,244049091.88,28.11,1101273396.25,28.44,393213564.18,45.29,14004165.43,1.61
156,Entry Long,Buy,2021-10-01 08:00,47492,18282.200306,244049091.88,28.11,1101273396.25,28.44,393213564.18,45.29,14004165.43,1.61
155,Exit Short,Close Sell,2021-10-01 08:00,47492,13566.560043,-10039254.43,-1.58,857224304.36,-1.16,97394334.55,15.36,28245578.01,4.45
155,Entry Short,Sell,2021-09-07 12:00,46752,13566.560043,-10039254.43,-1.58,857224304.36,-1.16,97394334.55,15.36,28245578.01,4.45
154,Exit Long,Close Buy,2021-09-07 12:00,46752,17926.706632,233997301.67,38.73,867263558.79,36.89,345214589.61,57.14,2384251.98,0.39
154,Entry Long,Buy,2021-07-24 00:00,33699,17926.706632,233997301.67,38.73,867263558.79,36.89,345214589.61,57.14,2384251.98,0.39
153,Exit Short,Close Sell,2021-07-24 00:00,33699,18415.676145,30146461.85,4.63,633266257.13,4.99,124047994.51,19.06,23719390.87,3.65
153,Entry Short,Sell,2021-06-18 16:00,35336,18415.676145,30146461.85,4.63,633266257.13,4.99,124047994.51,19.06,23719390.87,3.65
152,Exit Long,Close Buy,2021-06-18 16:00,35336,12742.061186,-46610459.82,-9.38,603119795.28,-7.16,29918359.66,6.02,49056935.57,9.87
152,Entry Long,Buy,2021-06-14 00:00,38994,12742.061186,-46610459.82,-9.38,603119795.28,-7.16,29918359.66,6.02,49056935.57,9.87
151,Exit Short,Close Sell,2021-06-14 00:00,38994,9111.555093,153866830.86,30.22,649730255.09,30.97,235214794.73,46.20,19498727.90,3.83
151,Entry Short,Sell,2021-05-10 20:00,55881,9111.555093,153866830.86,30.22,649730255.09,30.97,235214794.73,46.20,19498727.90,3.83
150,Exit Long,Close Buy,2021-05-10 20:00,55881,9204.217604,-12296834.72,-2.33,495863424.24,-2.42,21961263.20,4.17,39504501.96,7.50
150,Entry Long,Buy,2021-04-30 12:00,57217,9204.217604,-12296834.72,-2.33,495863424.24,-2.42,21961263.20,4.17,39504501.96,7.50
149,Exit Short,Close Sell,2021-04-30 12:00,57217,9914.521032,-17479300.58,-3.18,508160258.96,-3.32,83777702.72,15.24,24647499.29,4.48
149,Entry Short,Sell,2021-04-18 00:00,55454,9914.521032,-17479300.58,-3.18,508160258.96,-3.32,83777702.72,15.24,24647499.29,4.48
148,Exit Long,Close Buy,2021-04-18 00:00,55454,10165.068724,-23156026.55,-3.95,525639559.54,-4.21,72812387.27,12.41,62931940.47,10.72
148,Entry Long,Buy,2021-03-29 12:00,57732,10165.068724,-23156026.55,-3.95,525639559.54,-4.21,72812387.27,12.41,62931940.47,10.72
147,Exit Short,Close Sell,2021-03-29 12:00,57732,10122.40532,-37058125.88,-6.77,548795586.09,-6.31,37564246.14,6.86,43850259.85,8.01
147,Entry Short,Sell,2021-03-22 20:00,54071,10122.40532,-37058125.88,-6.77,548795586.09,-6.31,37564246.14,6.86,43850259.85,8.01
146,Exit Long,Close Buy,2021-03-22 20:00,54071,11788.232529,39525943.67,6.61,585853711.97,7.22,130425004.70,21.81,16515313.77,2.76
146,Entry Long,Buy,2021-03-07 08:00,50718,11788.232529,39525943.67,6.61,585853711.97,7.22,130425004.70,21.81,16515313.77,2.76
145,Exit Short,Close Sell,2021-03-07 08:00,50718,9691.98145,-50543683.26,-11.46,546327768.30,-8.45,24055497.96,5.45,69297667.37,15.71
145,Entry Short,Sell,2021-02-23 16:00,45503,9691.98145,-50543683.26,-11.46,546327768.30,-8.45,24055497.96,5.45,69297667.37,15.71
144,Exit Long,Close Buy,2021-02-23 16:00,45503,13446.742427,156856250.41,34.47,596871451.56,35.57,329660337.34,72.45,24849580.01,5.46
144,Entry Long,Buy,2021-01-29 00:00,33838,13446.742427,156856250.41,34.47,596871451.56,35.57,329660337.34,72.45,24849580.01,5.46
143,Exit Short,Close Sell,2021-01-29 00:00,33838,8490.303178,-14000509.94,-5.12,440015201.15,-3.08,28773637.47,10.53,22915328.28,8.38
143,Entry Short,Sell,2021-01-21 08:00,32189,8490.303178,-14000509.94,-5.12,440015201.15,-3.08,28773637.47,10.53,22915328.28,8.38
142,Exit Long,Close Buy,2021-01-21 08:00,32189,15793.438589,181719304.41,55.63,454015711.09,66.49,336668730.40,103.07,1721484.81,0.53
142,Entry Long,Buy,2020-12-16 12:00,20683,15793.438589,181719304.41,55.63,454015711.09,66.49,336668730.40,103.07,1721484.81,0.53
141,Exit Short,Close Sell,2020-12-16 12:00,20683,12826.52309,-53358336.05,-25.18,272296406.68,-16.33,1128734.03,0.53,54859039.26,25.89
141,Entry Short,Sell,2020-11-26 16:00,16523,12826.52309,-53358336.05,-25.18,272296406.68,-16.33,1128734.03,0.53,54859039.26,25.89
140,Exit Long,Close Buy,2020-11-26 16:00,16523,20373.627672,114723897.42,51.70,325654742.74,54.13,175172450.72,78.94,1344659.43,0.61
140,Entry Long,Buy,2020-10-08 16:00,10892,20373.627672,114723897.42,51.70,325654742.74,54.13,175172450.72,78.94,1344659.43,0.61
139,Exit Short,Close Sell,2020-10-08 16:00,10892,21938.389178,-9981967.08,-4.36,210930845.32,-4.50,65815.17,0.03,11407962.37,4.98
139,Entry Short,Sell,2020-10-02 08:00,10437,21938.389178,-9981967.08,-4.36,210930845.32,-4.50,65815.17,0.03,11407962.37,4.98
138,Exit Long,Close Buy,2020-10-02 08:00,10437,20309.163714,-7067588.97,-3.23,220912812.39,-3.09,3351012.01,1.53,8225211.30,3.76
138,Entry Long,Buy,2020-09-27 00:00,10785,20309.163714,-7067588.97,-3.23,220912812.39,-3.09,3351012.01,1.53,8225211.30,3.76
137,Exit Short,Close Sell,2020-09-27 00:00,10785,15611.693985,9944649.07,5.58,227980401.37,4.54,24931875.29,13.98,10053930.93,5.64
137,Entry Short,Sell,2020-08-25 12:00,11422,15611.693985,9944649.07,5.58,227980401.37,4.54,24931875.29,13.98,10053930.93,5.64
136,Exit Long,Close Buy,2020-08-25 12:00,11422,19717.804505,40717266.30,22.07,218035752.30,22.83,61440678.84,33.30,1498553.14,0.81
136,Entry Long,Buy,2020-07-21 08:00,9357,19717.804505,40717266.30,22.07,218035752.30,22.83,61440678.84,33.30,1498553.14,0.81
135,Exit Short,Close Sell,2020-07-21 08:00,9357,21250.073062,-6183771.26,-3.21,177318485.99,-3.35,148750.51,0.08,6545022.50,3.40
135,Entry Short,Sell,2020-07-16 08:00,9066,21250.073062,-6183771.26,-3.21,177318485.99,-3.35,148750.51,0.08,6545022.50,3.40
134,Exit Long,Close Buy,2020-07-16 08:00,9066,20762.926605,-8159830.16,-4.15,183502257.26,-4.24,7059395.05,3.59,13039117.91,6.64
134,Entry Long,Buy,2020-06-22 08:00,9459,20762.926605,-8159830.16,-4.15,183502257.26,-4.24,7059395.05,3.59,13039117.91,6.64
133,Exit Short,Close Sell,2020-06-22 08:00,9459,20862.767335,-3734435.35,-1.93,191662087.41,-1.90,7927851.59,4.09,6592634.48,3.41
133,Entry Short,Sell,2020-06-11 16:00,9280,20862.767335,-3734435.35,-1.93,191662087.41,-1.90,7927851.59,4.09,6592634.48,3.41
132,Exit Long,Close Buy,2020-06-11 16:00,9280,21481.1186,2792545.42,1.42,195396522.76,1.44,27474350.69,13.98,2105149.62,1.07
132,Entry Long,Buy,2020-05-27 12:00,9150,21481.1186,2792545.42,1.42,195396522.76,1.44,27474350.69,13.98,2105149.62,1.07
131,Exit Short,Close Sell,2020-05-27 12:00,9150,17966.703433,-2946539.36,-1.83,192603977.35,-1.50,6396146.42,3.96,5929012.13,3.67
131,Entry Short,Sell,2020-05-22 00:00,8986,17966.703433,-2946539.36,-1.83,192603977.35,-1.50,6396146.42,3.96,5929012.13,3.67
130,Exit Long,Close Buy,2020-05-22 00:00,8986,24093.750394,35104594.32,19.35,195550516.71,21.74,61318594.75,33.80,3300843.80,1.82
130,Entry Long,Buy,2020-04-23 16:00,7529,24093.750394,35104594.32,19.35,195550516.71,21.74,61318594.75,33.80,3300843.80,1.82
129,Exit Short,Close Sell,2020-04-23 16:00,7529,26541.939355,-19959538.39,-11.10,160445922.38,-11.00,8068749.56,4.49,26011100.57,14.46
129,Entry Short,Sell,2020-04-10 12:00,6777,26541.939355,-19959538.39,-11.10,160445922.38,-11.00,8068749.56,4.49,26011100.57,14.46
128,Exit Long,Close Buy,2020-04-10 12:00,6777,21038.092271,1535780.74,1.09,180405460.78,0.85,16094140.59,11.41,1977580.67,1.40
128,Entry Long,Buy,2020-04-02 08:00,6704,21038.092271,1535780.74,1.09,180405460.78,0.85,16094140.59,11.41,1977580.67,1.40
127,Exit Short,Close Sell,2020-04-02 08:00,6704,17735.15387,38839986.98,24.62,178869680.04,27.54,89456116.12,56.71,124146.08,0.08
127,Entry Short,Sell,2020-03-07 20:00,8894,17735.15387,38839986.98,24.62,178869680.04,27.54,89456116.12,56.71,124146.08,0.08
126,Exit Long,Close Buy,2020-03-07 20:00,8894,16345.913893,-16705524.00,-10.31,140029693.07,-10.59,1830742.36,1.13,24616946.32,15.19
126,Entry Long,Buy,2020-02-23 04:00,9916,16345.913893,-16705524.00,-10.31,140029693.07,-10.59,1830742.36,1.13,24616946.32,15.19
125,Exit Short,Close Sell,2020-02-23 04:00,9916,13571.934572,-4343019.06,-3.33,156735217.07,-2.68,2700814.98,2.07,4899468.38,3.76
125,Entry Short,Sell,2020-02-19 20:00,9596,13571.934572,-4343019.06,-3.33,156735217.07,-2.68,2700814.98,2.07,4899468.38,3.76
124,Exit Long,Close Buy,2020-02-19 20:00,9596,18754.859905,31845752.12,21.50,161078236.13,24.45,48818900.33,32.96,4332372.64,2.92
124,Entry Long,Buy,2020-01-07 00:00,7898,18754.859905,31845752.12,21.50,161078236.13,24.45,48818900.33,32.96,4332372.64,2.92
123,Exit Short,Close Sell,2020-01-07 00:00,7898,21771.092039,-17895837.66,-11.62,129232484.01,-12.08,4833182.43,3.14,20312428.87,13.19
123,Entry Short,Sell,2020-01-02 04:00,7076,21771.092039,-17895837.66,-11.62,129232484.01,-12.08,4833182.43,3.14,20312428.87,13.19
122,Exit Long,Close Buy,2020-01-02 04:00,7076,18089.349129,-5915217.17,-4.42,147128321.67,-3.84,5245911.25,3.92,6349361.54,4.74
122,Entry Long,Buy,2019-12-22 16:00,7403,18089.349129,-5915217.17,-4.42,147128321.67,-3.84,5245911.25,3.92,6349361.54,4.74
121,Exit Short,Close Sell,2019-12-22 16:00,7403,14502.937359,20130077.05,15.79,153043538.83,15.03,34313949.79,26.91,5090531.01,3.99
121,Entry Short,Sell,2019-11-08 12:00,8791,14502.937359,20130077.05,15.79,153043538.83,15.03,34313949.79,26.91,5090531.01,3.99
120,Exit Long,Close Buy,2019-11-08 12:00,8791,12967.110239,6418719.57,5.97,132913461.78,5.03,26634444.43,24.76,0,0.00
120,Entry Long,Buy,2019-10-25 12:00,8296,12967.110239,6418719.57,5.97,132913461.78,5.03,26634444.43,24.76,0,0.00
119,Exit Short,Close Sell,2019-10-25 12:00,8296,10934.740278,19923096.79,18.01,126494742.21,18.52,30879706.55,27.91,2864901.95,2.59
119,Entry Short,Sell,2019-09-16 16:00,10118,10934.740278,19923096.79,18.01,126494742.21,18.52,30879706.55,27.91,2864901.95,2.59
118,Exit Long,Close Buy,2019-09-16 16:00,10118,11533.517351,-3067915.62,-2.56,106571645.42,-2.77,6516437.30,5.44,6101230.68,5.09
118,Entry Long,Buy,2019-09-02 20:00,10384,11533.517351,-3067915.62,-2.56,106571645.42,-2.77,6516437.30,5.44,6101230.68,5.09
117,Exit Short,Close Sell,2019-09-02 20:00,10384,13586.338143,-9130019.23,-6.92,109639561.04,-7.62,5325844.55,4.04,10312030.65,7.82
117,Entry Short,Sell,2019-08-28 20:00,9712,13586.338143,-9130019.23,-6.92,109639561.04,-7.62,5325844.55,4.04,10312030.65,7.82
116,Exit Long,Close Buy,2019-08-28 20:00,9712,12117.359983,-12177946.78,-9.38,118769580.27,-9.23,2883931.68,2.22,14080372.30,10.84
116,Entry Long,Buy,2019-08-19 12:00,10717,12117.359983,-12177946.78,-9.38,118769580.27,-9.23,2883931.68,2.22,14080372.30,10.84
115,Exit Short,Close Sell,2019-08-19 12:00,10717,11254.837324,2082144.90,1.70,130947527.05,1.60,16139436.72,13.15,450193.49,0.37
115,Entry Short,Sell,2019-08-13 12:00,10902,11254.837324,2082144.90,1.70,130947527.05,1.60,16139436.72,13.15,450193.49,0.37
114,Exit Long,Close Buy,2019-08-13 12:00,10902,11797.889613,7161319.00,5.90,128865382.15,5.84,23949715.91,19.72,82585.23,0.07
114,Entry Long,Buy,2019-08-01 16:00,10295,11797.889613,7161319.00,5.90,128865382.15,5.84,23949715.91,19.72,82585.23,0.07
113,Exit Short,Close Sell,2019-08-01 16:00,10295,9533.731651,1248918.85,1.26,121704063.15,1.03,13118414.75,13.20,6616409.77,6.66
113,Entry Short,Sell,2019-07-14 12:00,10426,9533.731651,1248918.85,1.26,121704063.15,1.03,13118414.75,13.20,6616409.77,6.66
112,Exit Long,Close Buy,2019-07-14 12:00,10426,12392.82185,22059222.89,20.59,120455144.31,22.19,64864029.56,60.54,235463.62,0.22
112,Entry Long,Buy,2019-06-15 00:00,8646,12392.82185,22059222.89,20.59,120455144.31,22.19,64864029.56,60.54,235463.62,0.22
111,Exit Short,Close Sell,2019-06-15 00:00,8646,7433.993849,-7753655.58,-13.72,98395921.41,-7.24,1263778.95,2.24,8430149.02,14.92
111,Entry Short,Sell,2019-06-04 16:00,7603,7433.993849,-7753655.58,-13.72,98395921.41,-7.24,1263778.95,2.24,8430149.02,14.92
110,Exit Long,Close Buy,2019-06-04 16:00,7603,14549.395218,50631895.36,84.40,106149577.00,89.59,72368691.81,120.64,232790.32,0.39
110,Entry Long,Buy,2019-04-01 04:00,4123,14549.395218,50631895.36,84.40,106149577.00,89.59,72368691.81,120.64,232790.32,0.39
109,Exit Short,Close Sell,2019-04-01 04:00,4123,15406.308758,-3466419.47,-5.77,55517681.64,-5.78,400564.03,0.67,3728326.72,6.21
109,Entry Short,Sell,2019-03-25 16:00,3898,15406.308758,-3466419.47,-5.77,55517681.64,-5.78,400564.03,0.67,3728326.72,6.21
108,Exit Long,Close Buy,2019-03-25 16:00,3898,16228.618342,-64914.47,-0.10,58984101.11,-0.11,2482978.61,3.92,843888.15,1.33
108,Entry Long,Buy,2019-03-15 12:00,3902,16228.618342,-64914.47,-0.10,58984101.11,-0.11,2482978.61,3.92,843888.15,1.33
107,Exit Short,Close Sell,2019-03-15 12:00,3902,16775.170867,-3271158.32,-5.26,59049015.58,-5.17,452929.61,0.73,4076366.52,6.56
107,Entry Short,Sell,2019-03-04 08:00,3707,16775.170867,-3271158.32,-5.26,59049015.58,-5.17,452929.61,0.73,4076366.52,6.56
106,Exit Long,Close Buy,2019-03-04 08:00,3707,16378.060871,1130086.20,1.90,62320173.90,1.82,9040689.60,15.17,1752452.51,2.94
106,Entry Long,Buy,2019-02-08 16:00,3638,16378.060871,1130086.20,1.90,62320173.90,1.82,9040689.60,15.17,1752452.51,2.94
105,Exit Short,Close Sell,2019-02-08 16:00,3638,16912.812367,2604573.10,4.06,61190087.70,4.37,7949021.81,12.39,118389.69,0.18
105,Entry Short,Sell,2019-01-10 08:00,3792,16912.812367,2604573.10,4.06,61190087.70,4.37,7949021.81,12.39,118389.69,0.18
104,Exit Long,Close Buy,2019-01-10 08:00,3792,18252.311609,-4544825.59,-6.16,58585514.60,-7.09,1295914.12,1.76,5238413.43,7.10
104,Entry Long,Buy,2019-01-06 20:00,4041,18252.311609,-4544825.59,-6.16,58585514.60,-7.09,1295914.12,1.76,5238413.43,7.10
103,Exit Short,Close Sell,2019-01-06 20:00,4041,21429.750228,-9621957.85,-12.50,63130340.19,-13.05,364305.75,0.47,10672015.61,13.86
103,Entry Short,Sell,2018-12-27 20:00,3592,21429.750228,-9621957.85,-12.50,63130340.19,-13.05,364305.75,0.47,10672015.61,13.86
102,Exit Long,Close Buy,2018-12-27 20:00,3592,14489.736735,-3216721.56,-5.82,72752298.04,-4.18,6129158.64,11.09,3593454.71,6.50
102,Entry Long,Buy,2018-12-19 08:00,3814,14489.736735,-3216721.56,-5.82,72752298.04,-4.18,6129158.64,11.09,3593454.71,6.50
101,Exit Short,Close Sell,2018-12-19 08:00,3814,9675.180249,21711104.48,37.04,75969019.60,39.29,28406329.21,48.46,328956.13,0.56
101,Entry Short,Sell,2018-11-14 12:00,6058,9675.180249,21711104.48,37.04,75969019.60,39.29,28406329.21,48.46,328956.13,0.56
100,Exit Long,Close Buy,2018-11-14 12:00,6058,9164.03436,-3354036.58,-5.70,54257915.12,-5.72,1099684.12,1.87,3766418.12,6.40
100,Entry Long,Buy,2018-11-04 16:00,6424,9164.03436,-3354036.58,-5.70,54257915.12,-5.72,1099684.12,1.87,3766418.12,6.40
99,Exit Short,Close Sell,2018-11-04 16:00,6424,9302.235987,-260462.61,-0.44,57611951.69,-0.44,1832540.49,3.08,734876.64,1.24
99,Entry Short,Sell,2018-10-18 20:00,6396,9302.235987,-260462.61,-0.44,57611951.69,-0.44,1832540.49,3.08,734876.64,1.24
98,Exit Long,Close Buy,2018-10-18 20:00,6396,9636.330399,-626361.48,-1.01,57872414.30,-1.05,279453.58,0.45,1069632.67,1.72
98,Entry Long,Buy,2018-10-16 20:00,6461,9636.330399,-626361.48,-1.01,57872414.30,-1.05,279453.58,0.45,1069632.67,1.72
97,Exit Short,Close Sell,2018-10-16 20:00,6461,10752.849034,-2763482.20,-4.14,58498775.78,-4.44,1118296.30,1.68,5935572.67,8.90
97,Entry Short,Sell,2018-10-11 04:00,6204,10752.849034,-2763482.20,-4.14,58498775.78,-4.44,1118296.30,1.68,5935572.67,8.90
96,Exit Long,Close Buy,2018-10-11 04:00,6204,10412.047485,-4445944.28,-6.44,61262257.98,-6.66,62472.28,0.09,5997339.35,8.69
96,Entry Long,Buy,2018-10-08 16:00,6631,10412.047485,-4445944.28,-6.44,61262257.98,-6.66,62472.28,0.09,5997339.35,8.69
95,Exit Short,Close Sell,2018-10-08 16:00,6631,11198.534018,-2329295.08,-3.24,65708202.26,-3.37,302360.42,0.42,2620456.96,3.64
95,Entry Short,Sell,2018-10-03 00:00,6423,11198.534018,-2329295.08,-3.24,65708202.26,-3.37,302360.42,0.42,2620456.96,3.64
94,Exit Long,Close Buy,2018-10-03 00:00,6423,11159.222897,-2890238.73,-3.88,68037497.33,-4.02,1227514.52,1.65,3169219.30,4.25
94,Entry Long,Buy,2018-09-27 20:00,6682,11159.222897,-2890238.73,-3.88,68037497.33,-4.02,1227514.52,1.65,3169219.30,4.25
93,Exit Short,Close Sell,2018-09-27 20:00,6682,11706.448164,-2633950.84,-3.48,70927736.06,-3.53,1545251.16,2.04,3277805.49,4.34
93,Entry Short,Sell,2018-09-25 00:00,6457,11706.448164,-2633950.84,-3.48,70927736.06,-3.53,1545251.16,2.04,3277805.49,4.34
92,Exit Long,Close Buy,2018-09-25 00:00,6457,10991.035686,-1022166.32,-1.42,73561686.90,-1.35,3033525.85,4.21,1692619.50,2.35
92,Entry Long,Buy,2018-09-21 00:00,6550,10991.035686,-1022166.32,-1.42,73561686.90,-1.35,3033525.85,4.21,1692619.50,2.35
91,Exit Short,Close Sell,2018-09-21 00:00,6550,10177.561994,3592679.38,5.11,74583853.22,4.99,8233647.65,11.72,834560.08,1.19
91,Entry Short,Sell,2018-09-05 16:00,6903,10177.561994,3592679.38,5.11,74583853.22,4.99,8233647.65,11.72,834560.08,1.19
90,Exit Long,Close Buy,2018-09-05 16:00,6903,9720.91224,1740043.29,2.66,70991173.83,2.48,6687987.62,10.23,1603950.52,2.45
90,Entry Long,Buy,2018-08-25 00:00,6724,9720.91224,1740043.29,2.66,70991173.83,2.48,6687987.62,10.23,1603950.52,2.45
89,Exit Short,Close Sell,2018-08-25 00:00,6724,8023.572599,4886355.71,8.30,69251130.54,7.48,11658250.99,19.81,1684950.25,2.86
89,Entry Short,Sell,2018-08-03 00:00,7333,8023.572599,4886355.71,8.30,69251130.54,7.48,11658250.99,19.81,1684950.25,2.86
88,Exit Long,Close Buy,2018-08-03 00:00,7333,9237.916016,6531206.62,10.67,64364774.83,11.10,17284140.87,28.24,452657.88,0.74
88,Entry Long,Buy,2018-07-16 08:00,6626,9237.916016,6531206.62,10.67,64364774.83,11.10,17284140.87,28.24,452657.88,0.74
87,Exit Short,Close Sell,2018-07-16 08:00,6626,9862.120084,-2376770.94,-3.77,57833568.21,-3.88,3086843.59,4.90,2781117.86,4.42
87,Entry Short,Sell,2018-07-10 12:00,6385,9862.120084,-2376770.94,-3.77,57833568.21,-3.88,3086843.59,4.90,2781117.86,4.42
86,Exit Long,Close Buy,2018-07-10 12:00,6385,7784.502625,-1759297.59,-3.42,60210339.15,-2.79,1626961.05,3.16,2428764.82,4.72
86,Entry Long,Buy,2018-07-02 12:00,6611,7784.502625,-1759297.59,-3.42,60210339.15,-2.79,1626961.05,3.16,2428764.82,4.72
85,Exit Short,Close Sell,2018-07-02 12:00,6611,4987.757674,11506756.95,25.87,61969636.74,22.36,15676522.37,35.24,438922.68,0.99
85,Entry Short,Sell,2018-05-11 00:00,8918,4987.757674,11506756.95,25.87,61969636.74,22.36,15676522.37,35.24,438922.68,0.99
84,Exit Long,Close Buy,2018-05-11 00:00,8918,5408.40926,6982256.35,16.93,50462879.79,15.70,12558326.30,30.44,308279.33,0.75
84,Entry Long,Buy,2018-04-12 12:00,7627,5408.40926,6982256.35,16.93,50462879.79,15.70,12558326.30,30.44,308279.33,0.75
83,Exit Short,Close Sell,2018-04-12 12:00,7627,5670.147408,3231984.02,6.95,43480623.43,7.84,10036160.91,21.59,5619116.08,12.09
83,Entry Short,Sell,2018-03-14 20:00,8197,5670.147408,3231984.02,6.95,43480623.43,7.84,10036160.91,21.59,5619116.08,12.09
82,Exit Long,Close Buy,2018-03-14 20:00,8197,3597.936101,-5227801.15,-15.06,40248639.41,-11.25,7663603.90,22.07,6123687.24,17.64
82,Entry Long,Buy,2018-02-15 00:00,9650,3597.936101,-5227801.15,-15.06,40248639.41,-11.25,7663603.90,22.07,6123687.24,17.64
81,Exit Short,Close Sell,2018-02-15 00:00,9650,2424.347257,11758084.20,33.45,45476440.56,33.87,20798475.12,59.17,2101909.07,5.98
81,Entry Short,Sell,2018-01-08 12:00,14500,2424.347257,11758084.20,33.45,45476440.56,33.87,20798475.12,59.17,2101909.07,5.98
80,Exit Long,Close Buy,2018-01-08 12:00,14500,2428.37352,-434678.86,-1.22,33718356.37,-1.24,6206922.72,17.41,1891702.97,5.31
80,Entry Long,Buy,2018-01-02 20:00,14679,2428.37352,-434678.86,-1.22,33718356.37,-1.24,6206922.72,17.41,1891702.97,5.31
79,Exit Short,Close Sell,2018-01-02 20:00,14679,1297.142059,-492913.98,-2.66,34153035.23,-1.38,4071728.92,21.95,2830363.97,15.26
79,Entry Short,Sell,2017-12-22 00:00,14299,1297.142059,-492913.98,-2.66,34153035.23,-1.38,4071728.92,21.95,2830363.97,15.26
78,Exit Long,Close Buy,2017-12-22 00:00,14299,2721.851746,17098672.67,78.36,34645949.21,92.19,31706850.99,145.30,672297.38,3.08
78,Entry Long,Buy,2017-11-19 20:00,8017,2721.851746,17098672.67,78.36,34645949.21,92.19,31706850.99,145.30,672297.38,3.08
77,Exit Short,Close Sell,2017-11-19 20:00,8017,2021.411819,-3272665.73,-25.30,17547276.54,-15.00,1702028.75,13.16,3414164.56,26.40
77,Entry Short,Sell,2017-11-11 12:00,6398,2021.411819,-3272665.73,-25.30,17547276.54,-15.00,1702028.75,13.16,3414164.56,26.40
76,Exit Long,Close Buy,2017-11-11 12:00,6398,3634.45479,8886241.96,61.85,20819942.28,68.71,14301579.60,99.54,301659.75,2.10
76,Entry Long,Buy,2017-09-26 08:00,3953,3634.45479,8886241.96,61.85,20819942.28,68.71,14301579.60,99.54,301659.75,2.10
75,Exit Short,Close Sell,2017-09-26 08:00,3953,4468.05119,-1434244.43,-8.84,11933700.31,-9.98,527230.04,3.25,1505733.25,9.28
75,Entry Short,Sell,2017-09-21 16:00,3632,4468.05119,-1434244.43,-8.84,11933700.31,-9.98,527230.04,3.25,1505733.25,9.28
74,Exit Long,Close Buy,2017-09-21 16:00,3632,3955.677124,-1859168.25,-11.46,13367944.75,-11.46,71202.19,0.44,1938281.79,11.95
74,Entry Long,Buy,2017-09-18 20:00,4102,3955.677124,-1859168.25,-11.46,13367944.75,-11.46,71202.19,0.44,1938281.79,11.95
73,Exit Short,Close Sell,2017-09-18 20:00,4102,2507.700662,2507.70,0.02,15227113.00,0.02,2836209.45,27.57,1446943.28,14.06
73,Entry Short,Sell,2017-09-05 00:00,4103,2507.700662,2507.70,0.02,15227113.00,0.02,2836209.45,27.57,1446943.28,14.06
72,Exit Long,Close Buy,2017-09-05 00:00,4103,4174.321821,5935885.63,53.04,15224605.29,57.69,9596765.87,85.75,463349.72,4.14
72,Entry Long,Buy,2017-07-28 00:00,2681,4174.321821,5935885.63,53.04,15224605.29,57.69,9596765.87,85.75,463349.72,4.14
71,Exit Short,Close Sell,2017-07-28 00:00,2681,4736.55789,-904682.56,-7.67,9288719.66,-8.08,426290.21,3.61,1146247.01,9.72
71,Entry Short,Sell,2017-07-25 16:00,2490,4736.55789,-904682.56,-7.67,9288719.66,-8.08,426290.21,3.61,1146247.01,9.72
70,Exit Long,Close Buy,2017-07-25 16:00,2490,4655.655507,-600579.56,-4.93,10193402.22,-5.09,1485154.11,12.18,786805.78,6.45
70,Entry Long,Buy,2017-07-20 12:00,2619,4655.655507,-600579.56,-4.93,10193402.22,-5.09,1485154.11,12.18,786805.78,6.45
69,Exit Short,Close Sell,2017-07-20 12:00,2619,5194.434469,-399971.45,-3.03,10793981.78,-3.28,3698437.34,28.01,644109.87,4.88
69,Entry Short,Sell,2017-06-25 00:00,2542,5194.434469,-399971.45,-3.03,10793981.78,-3.28,3698437.34,28.01,644109.87,4.88
68,Exit Long,Close Buy,2017-06-25 00:00,2542,5101.996446,-1010195.30,-7.23,11193953.24,-7.65,249997.83,1.79,1198969.16,8.58
68,Entry Long,Buy,2017-06-20 20:00,2740,5101.996446,-1010195.30,-7.23,11193953.24,-7.65,249997.83,1.79,1198969.16,8.58
67,Exit Short,Close Sell,2017-06-20 20:00,2740,2673.523211,-775321.73,-11.84,12204148.53,-5.55,882262.66,13.47,890283.23,13.59
67,Entry Short,Sell,2017-06-14 20:00,2450,2673.523211,-775321.73,-11.84,12204148.53,-5.55,882262.66,13.47,890283.23,13.59
66,Exit Long,Close Buy,2017-06-14 20:00,2450,5573.397147,7429338.40,119.34,12979470.26,113.42,10383238.88,166.79,50160.57,0.81
66,Entry Long,Buy,2017-04-03 04:00,1117,5573.397147,7429338.40,119.34,12979470.26,113.42,10383238.88,166.79,50160.57,0.81
65,Exit Short,Close Sell,2017-04-03 04:00,1117,5797.272374,324647.25,4.77,5550131.87,5.21,1634830.81,24.04,0,0.00
65,Entry Short,Sell,2017-03-16 20:00,1173,5797.272374,324647.25,4.77,5550131.87,5.21,1634830.81,24.04,0,0.00
64,Exit Long,Close Buy,2017-03-16 20:00,1173,5902.19503,-572512.92,-7.64,5225484.61,-8.42,135750.49,1.81,1741147.53,23.23
64,Entry Long,Buy,2017-03-10 16:00,1270,5902.19503,-572512.92,-7.64,5225484.61,-8.42,135750.49,1.81,1741147.53,23.23
63,Exit Short,Close Sell,2017-03-10 16:00,1270,5814.91797,-697790.16,-10.43,5797997.53,-9.31,87223.77,1.30,1162983.59,17.39
63,Entry Short,Sell,2017-03-08 20:00,1150,5814.91797,-697790.16,-10.43,5797997.53,-9.31,87223.77,1.30,1162983.59,17.39
62,Exit Long,Close Buy,2017-03-08 20:00,1150,6968.459279,808341.28,11.22,6495787.69,12.09,1839673.25,25.53,48779.21,0.68
62,Entry Long,Buy,2017-02-16 12:00,1034,6968.459279,808341.28,11.22,6495787.69,12.09,1839673.25,25.53,48779.21,0.68
61,Exit Short,Close Sell,2017-02-16 12:00,1034,6902.156592,-517661.74,-7.82,5687446.41,-7.18,62119.41,0.94,531466.06,8.03
61,Entry Short,Sell,2017-02-09 16:00,959,6902.156592,-517661.74,-7.82,5687446.41,-7.18,62119.41,0.94,531466.06,8.03
60,Exit Long,Close Buy,2017-02-09 16:00,959,7416.961824,585939.98,8.98,6205108.16,8.85,1446307.56,22.16,207674.93,3.18
60,Entry Long,Buy,2017-01-17 04:00,880,7416.961824,585939.98,8.98,6205108.16,8.85,1446307.56,22.16,207674.93,3.18
59,Exit Short,Close Sell,2017-01-17 04:00,880,4854.829829,92241.77,2.11,5619168.17,1.41,718514.81,16.46,208757.68,4.78
59,Entry Short,Sell,2017-01-06 08:00,899,4854.829829,92241.77,2.11,5619168.17,1.41,718514.81,16.46,208757.68,4.78
58,Exit Long,Close Buy,2017-01-06 08:00,899,7256.817066,2162531.49,49.58,5526926.41,49.55,3911424.40,89.68,36284.09,0.83
58,Entry Long,Buy,2016-09-23 20:00,601,7256.817066,2162531.49,49.58,5526926.41,49.55,3911424.40,89.68,36284.09,0.83
57,Exit Short,Close Sell,2016-09-23 20:00,601,7127.292855,0,0.00,3364394.92,0.00,64145.64,1.50,14254.59,0.33
57,Entry Short,Sell,2016-09-20 20:00,601,7127.292855,0,0.00,3364394.92,0.00,64145.64,1.50,14254.59,0.33
56,Exit Long,Close Buy,2016-09-20 20:00,601,6740.992786,80891.91,2.04,3364394.92,1.89,269639.71,6.79,0,0.00
56,Entry Long,Buy,2016-09-03 16:00,589,6740.992786,80891.91,2.04,3364394.92,1.89,269639.71,6.79,0,0.00
55,Exit Short,Close Sell,2016-09-03 16:00,589,6550.134456,314406.45,7.54,3283503.01,7.92,1126623.13,27.00,6550.13,0.16
55,Entry Short,Sell,2016-07-31 04:00,637,6550.134456,314406.45,7.54,3283503.01,7.92,1126623.13,27.00,6550.13,0.16
54,Exit Long,Close Buy,2016-07-31 04:00,637,6485.372552,-201046.55,-4.64,2969096.55,-4.82,103765.96,2.40,246444.16,5.69
54,Entry Long,Buy,2016-07-12 16:00,668,6485.372552,-201046.55,-4.64,2969096.55,-4.82,103765.96,2.40,246444.16,5.69
53,Exit Short,Close Sell,2016-07-12 16:00,668,6920.319386,-159167.35,-3.57,3170143.10,-3.68,269892.46,6.05,228370.54,5.12
53,Entry Short,Sell,2016-07-07 08:00,645,6920.319386,-159167.35,-3.57,3170143.10,-3.68,269892.46,6.05,228370.54,5.12
52,Exit Long,Close Buy,2016-07-07 08:00,645,7068.187197,-134295.56,-2.86,3329310.45,-3.01,289795.68,6.17,226181.99,4.82
52,Entry Long,Buy,2016-06-30 16:00,664,7068.187197,-134295.56,-2.86,3329310.45,-3.01,289795.68,6.17,226181.99,4.82
51,Exit Short,Close Sell,2016-06-30 16:00,664,5470.023263,-229740.98,-6.75,3463606.00,-4.90,448541.91,13.18,339141.44,9.97
51,Entry Short,Sell,2016-06-22 16:00,622,5470.023263,-229740.98,-6.75,3463606.00,-4.90,448541.91,13.18,339141.44,9.97
50,Exit Long,Close Buy,2016-06-22 16:00,622,7581.202954,1288804.50,37.61,3693346.98,37.86,2479053.37,72.35,7581.20,0.22
50,Entry Long,Buy,2016-05-26 12:00,452,7581.202954,1288804.50,37.61,3693346.98,37.86,2479053.37,72.35,7581.20,0.22
49,Exit Short,Close Sell,2016-05-26 12:00,452,7387.08539,-22161.26,-0.67,2404542.48,-0.65,103419.20,3.12,22161.26,0.67
49,Entry Short,Sell,2016-05-19 08:00,449,7387.08539,-22161.26,-0.67,2404542.48,-0.65,103419.20,3.12,22161.26,0.67
48,Exit Long,Close Buy,2016-05-19 08:00,449,8003.189281,112044.65,3.22,2426703.74,3.38,280111.62,8.05,336133.95,9.66
48,Entry Long,Buy,2016-04-20 00:00,435,8003.189281,112044.65,3.22,2426703.74,3.38,280111.62,8.05,336133.95,9.66
47,Exit Short,Close Sell,2016-04-20 00:00,435,8416.444505,-168328.89,-4.82,2314659.09,-4.83,311408.45,8.92,185161.78,5.30
47,Entry Short,Sell,2016-04-09 00:00,415,8416.444505,-168328.89,-4.82,2314659.09,-4.83,311408.45,8.92,185161.78,5.30
46,Exit Long,Close Buy,2016-04-09 00:00,415,8658.191956,-8658.19,-0.24,2482987.98,-0.25,77923.73,2.16,77923.73,2.16
46,Entry Long,Buy,2016-03-22 04:00,416,8658.191956,-8658.19,-0.24,2482987.98,-0.25,77923.73,2.16,77923.73,2.16
45,Exit Short,Close Sell,2016-03-22 04:00,416,9180.140548,-110161.69,-2.97,2491646.17,-3.06,0,0.00,110161.69,2.97
45,Entry Short,Sell,2016-03-18 16:00,404,9180.140548,-110161.69,-2.97,2491646.17,-3.06,0,0.00,110161.69,2.97
44,Exit Long,Close Buy,2016-03-18 16:00,404,8929.377536,-107152.53,-2.88,2601807.85,-2.89,53576.27,1.44,116081.91,3.13
44,Entry Long,Buy,2016-03-10 16:00,416,8929.377536,-107152.53,-2.88,2601807.85,-2.89,53576.27,1.44,116081.91,3.13
43,Exit Short,Close Sell,2016-03-10 16:00,416,8339.484129,-8339.48,-0.24,2708960.38,-0.22,275202.98,7.95,16678.97,0.48
43,Entry Short,Sell,2016-03-04 16:00,415,8339.484129,-8339.48,-0.24,2708960.38,-0.22,275202.98,7.95,16678.97,0.48
42,Exit Long,Close Buy,2016-03-04 16:00,415,9107.008665,254996.24,7.24,2717299.87,7.36,555527.53,15.76,45535.04,1.29
42,Entry Long,Buy,2016-02-13 00:00,387,9107.008665,254996.24,7.24,2717299.87,7.36,555527.53,15.76,45535.04,1.29
41,Exit Short,Close Sell,2016-02-13 00:00,387,10063.066006,-60378.40,-1.57,2462303.63,-1.71,171072.12,4.46,110693.73,2.89
41,Entry Short,Sell,2016-01-28 04:00,381,10063.066006,-60378.40,-1.57,2462303.63,-1.71,171072.12,4.46,110693.73,2.89
40,Exit Long,Close Buy,2016-01-28 04:00,381,8863.976831,-310239.19,-8.41,2522682.02,-8.09,44319.88,1.20,372287.03,10.10
40,Entry Long,Buy,2016-01-20 20:00,416,8863.976831,-310239.19,-8.41,2522682.02,-8.09,44319.88,1.20,372287.03,10.10
39,Exit Short,Close Sell,2016-01-20 20:00,416,8916.898544,142670.38,3.70,2832921.21,3.87,713351.88,18.52,17833.80,0.46
39,Entry Short,Sell,2016-01-13 00:00,432,8916.898544,142670.38,3.70,2832921.21,3.87,713351.88,18.52,17833.80,0.46
38,Exit Long,Close Buy,2016-01-13 00:00,432,8991.629827,-161849.34,-4.00,2690250.83,-4.20,134874.45,3.33,224790.75,5.56
38,Entry Long,Buy,2016-01-07 04:00,450,8991.629827,-161849.34,-4.00,2690250.83,-4.20,134874.45,3.33,224790.75,5.56
37,Exit Short,Close Sell,2016-01-07 04:00,450,7390.580488,-192155.09,-6.13,2852100.17,-4.75,125639.87,4.01,199545.67,6.37
37,Entry Short,Sell,2015-12-26 12:00,424,7390.580488,-192155.09,-6.13,2852100.17,-4.75,125639.87,4.01,199545.67,6.37
36,Exit Long,Close Buy,2015-12-26 12:00,424,9938.52638,914344.43,27.71,3044255.26,29.21,1351639.59,40.96,9938.53,0.30
36,Entry Long,Buy,2015-11-26 00:00,332,9938.52638,914344.43,27.71,3044255.26,29.21,1351639.59,40.96,9938.53,0.30
35,Exit Short,Close Sell,2015-11-26 00:00,332,8027.937307,-168586.68,-6.75,2129910.84,-5.11,136474.93,5.47,361257.18,14.47
35,Entry Short,Sell,2015-11-11 00:00,311,8027.937307,-168586.68,-6.75,2129910.84,-5.11,136474.93,5.47,361257.18,14.47
34,Exit Long,Close Buy,2015-11-11 00:00,311,10595.539881,805261.03,32.34,2298497.52,32.30,2829009.15,113.62,42382.16,1.70
34,Entry Long,Buy,2015-09-24 16:00,235,10595.539881,805261.03,32.34,2298497.52,32.30,2829009.15,113.62,42382.16,1.70
33,Exit Short,Close Sell,2015-09-24 16:00,235,10903.222746,0,0.00,1493236.49,0.00,130838.67,5.11,10903.22,0.43
33,Entry Short,Sell,2015-09-12 20:00,235,10903.222746,0,0.00,1493236.49,0.00,130838.67,5.11,10903.22,0.43
32,Exit Long,Close Buy,2015-09-12 20:00,235,9533.025579,-66731.18,-2.89,1493236.49,-2.61,38132.10,1.65,85797.23,3.72
32,Entry Long,Buy,2015-09-06 00:00,242,9533.025579,-66731.18,-2.89,1493236.49,-2.61,38132.10,1.65,85797.23,3.72
31,Exit Short,Close Sell,2015-09-06 00:00,242,6875.822488,254405.43,13.26,1559967.67,11.03,556941.62,29.03,48130.76,2.51
31,Entry Short,Sell,2015-08-01 04:00,279,6875.822488,254405.43,13.26,1559967.67,11.03,556941.62,29.03,48130.76,2.51
30,Exit Long,Close Buy,2015-08-01 04:00,279,8260.407138,388239.14,20.26,1305562.24,20.25,710395.01,37.07,8260.41,0.43
30,Entry Long,Buy,2015-06-14 00:00,232,8260.407138,388239.14,20.26,1305562.24,20.25,710395.01,37.07,8260.41,0.43
29,Exit Short,Close Sell,2015-06-14 00:00,232,8516.941194,0,0.00,917323.10,0.00,110720.24,5.60,8516.94,0.43
29,Entry Short,Sell,2015-05-30 12:00,232,8516.941194,0,0.00,917323.10,0.00,110720.24,5.60,8516.94,0.43
28,Exit Long,Close Buy,2015-05-30 12:00,232,8372.465146,-58607.26,-2.93,917323.10,-2.97,25117.40,1.26,58607.26,2.93
28,Entry Long,Buy,2015-05-22 20:00,239,8372.465146,-58607.26,-2.93,917323.10,-2.97,25117.40,1.26,58607.26,2.93
27,Exit Short,Close Sell,2015-05-22 20:00,239,8335.029467,-25005.09,-1.27,975930.36,-1.25,41675.15,2.12,41675.15,2.12
27,Entry Short,Sell,2015-05-14 00:00,236,8335.029467,-25005.09,-1.27,975930.36,-1.25,41675.15,2.12,41675.15,2.12
26,Exit Long,Close Buy,2015-05-14 00:00,236,8988.062105,35952.25,1.72,1000935.45,1.83,134820.93,6.47,44940.31,2.16
26,Entry Long,Buy,2015-04-30 08:00,232,8988.062105,35952.25,1.72,1000935.45,1.83,134820.93,6.47,44940.31,2.16
25,Exit Short,Close Sell,2015-04-30 08:00,232,10207.852258,-122494.23,-5.45,964983.20,-5.87,51039.26,2.27,153117.78,6.82
25,Entry Short,Sell,2015-04-26 04:00,220,10207.852258,-122494.23,-5.45,964983.20,-5.87,51039.26,2.27,153117.78,6.82
24,Exit Long,Close Buy,2015-04-26 04:00,220,9134.693863,-155289.80,-7.17,1087477.42,-6.92,18269.39,0.84,182693.88,8.44
24,Entry Long,Buy,2015-04-22 12:00,237,9134.693863,-155289.80,-7.17,1087477.42,-6.92,18269.39,0.84,182693.88,8.44
23,Exit Short,Close Sell,2015-04-22 12:00,237,9285.280449,74282.24,3.27,1242767.22,3.43,324984.82,14.29,18570.56,0.82
23,Entry Short,Sell,2015-04-08 12:00,245,9285.280449,74282.24,3.27,1242767.22,3.43,324984.82,14.29,18570.56,0.82
22,Exit Long,Close Buy,2015-04-08 12:00,245,8470.988157,-110122.85,-5.04,1168484.98,-4.83,42354.94,1.94,127064.82,5.81
22,Entry Long,Buy,2015-04-05 12:00,258,8470.988157,-110122.85,-5.04,1168484.98,-4.83,42354.94,1.94,127064.82,5.81
21,Exit Short,Close Sell,2015-04-05 12:00,258,7428.152511,96565.98,4.80,1278607.82,4.43,259985.34,12.92,37140.76,1.85
21,Entry Short,Sell,2015-03-18 08:00,271,7428.152511,96565.98,4.80,1278607.82,4.43,259985.34,12.92,37140.76,1.85
20,Exit Long,Close Buy,2015-03-18 08:00,271,8562.047736,171240.95,7.97,1182041.84,8.52,402416.24,18.73,51372.29,2.39
20,Entry Long,Buy,2015-02-27 04:00,251,8562.047736,171240.95,7.97,1182041.84,8.52,402416.24,18.73,51372.29,2.39
19,Exit Short,Close Sell,2015-02-27 04:00,251,9138.294026,-137074.41,-6.36,1010800.88,-6.38,36553.18,1.69,182765.88,8.47
19,Entry Short,Sell,2015-02-22 16:00,236,9138.294026,-137074.41,-6.36,1010800.88,-6.38,36553.18,1.69,182765.88,8.47
18,Exit Long,Close Buy,2015-02-22 16:00,236,10041.456143,-10041.46,-0.42,1147875.30,-0.47,311285.14,13.08,90373.11,3.80
18,Entry Long,Buy,2015-02-13 08:00,237,10041.456143,-10041.46,-0.42,1147875.30,-0.47,311285.14,13.08,90373.11,3.80
17,Exit Short,Close Sell,2015-02-13 08:00,237,12177.620083,-219197.16,-8.22,1157916.75,-9.22,133953.82,5.02,304440.50,11.42
17,Entry Short,Sell,2015-02-01 00:00,219,12177.620083,-219197.16,-8.22,1157916.75,-9.22,133953.82,5.02,304440.50,11.42
16,Exit Long,Close Buy,2015-02-01 00:00,219,7968.396019,-286862.26,-14.12,1377113.91,-10.77,438261.78,21.57,310767.44,15.29
16,Entry Long,Buy,2015-01-25 20:00,255,7968.396019,-286862.26,-14.12,1377113.91,-10.77,438261.78,21.57,310767.44,15.29
15,Exit Short,Close Sell,2015-01-25 20:00,255,5522.49984,629564.98,30.89,1663976.17,30.95,1198382.47,58.81,49702.50,2.44
15,Entry Short,Sell,2014-12-04 12:00,369,5522.49984,629564.98,30.89,1663976.17,30.95,1198382.47,58.81,49702.50,2.44
14,Exit Long,Close Buy,2014-12-04 12:00,369,5655.478192,-5655.48,-0.27,1034411.19,-0.28,141386.95,6.76,67865.74,3.24
14,Entry Long,Buy,2014-11-24 00:00,370,5655.478192,-5655.48,-0.27,1034411.19,-0.28,141386.95,6.76,67865.74,3.24
13,Exit Short,Close Sell,2014-11-24 00:00,370,5753.511981,-51781.61,-2.49,1040066.67,-2.48,109316.73,5.26,74795.66,3.60
13,Entry Short,Sell,2014-11-20 12:00,361,5753.511981,-51781.61,-2.49,1040066.67,-2.48,109316.73,5.26,74795.66,3.60
12,Exit Long,Close Buy,2014-11-20 12:00,361,5595.547576,16786.64,0.84,1091848.27,0.81,537172.57,26.82,33573.29,1.68
12,Entry Long,Buy,2014-11-09 12:00,358,5595.547576,16786.64,0.84,1091848.27,0.81,537172.57,26.82,33573.29,1.68
11,Exit Short,Close Sell,2014-11-09 12:00,358,5540.266542,72023.47,3.50,1075061.63,3.60,299174.39,14.56,11080.53,0.54
11,Entry Short,Sell,2014-10-23 08:00,371,5540.266542,72023.47,3.50,1075061.63,3.60,299174.39,14.56,11080.53,0.54
10,Exit Long,Close Buy,2014-10-23 08:00,371,3860.354963,-50184.61,-3.39,1003038.17,-2.44,131252.07,8.85,65626.03,4.43
10,Entry Long,Buy,2014-10-13 16:00,384,3860.354963,-50184.61,-3.39,1003038.17,-2.44,131252.07,8.85,65626.03,4.43
9,Exit Short,Close Sell,2014-10-13 16:00,384,2449.98487,570846.47,37.76,1053222.78,38.51,837894.83,55.43,39199.76,2.59
9,Entry Short,Sell,2014-07-16 20:00,617,2449.98487,570846.47,37.76,1053222.78,38.51,837894.83,55.43,39199.76,2.59
8,Exit Long,Close Buy,2014-07-16 20:00,617,2629.214648,-28921.36,-1.75,482376.31,-1.91,81505.65,4.94,52584.29,3.18
8,Entry Long,Buy,2014-06-30 08:00,628,2629.214648,-28921.36,-1.75,482376.31,-1.91,81505.65,4.94,52584.29,3.18
7,Exit Short,Close Sell,2014-06-30 08:00,628,2351.162205,-138718.57,-10.37,511297.67,-8.41,72886.03,5.45,164581.35,12.30
7,Entry Short,Sell,2014-06-12 20:00,569,2351.162205,-138718.57,-10.37,511297.67,-8.41,72886.03,5.45,164581.35,12.30
6,Exit Long,Close Buy,2014-06-12 20:00,569,2915.605852,311969.83,23.16,650016.24,23.32,644348.89,47.84,23324.85,1.73
6,Entry Long,Buy,2014-05-20 00:00,462,2915.605852,311969.83,23.16,650016.24,23.32,644348.89,47.84,23324.85,1.73
5,Exit Short,Close Sell,2014-05-20 00:00,462,3094.736541,-9284.21,-0.65,338046.41,-0.69,120694.73,8.50,37136.84,2.61
5,Entry Short,Sell,2014-04-25 04:00,459,3094.736541,-9284.21,-0.65,338046.41,-0.69,120694.73,8.50,37136.84,2.61
4,Exit Long,Close Buy,2014-04-25 04:00,459,2346.810854,-72751.14,-6.33,347330.62,-5.12,136115.03,11.84,86832.00,7.55
4,Entry Long,Buy,2014-04-15 04:00,490,2346.810854,-72751.14,-6.33,347330.62,-5.12,136115.03,11.84,86832.00,7.55
3,Exit Short,Close Sell,2014-04-15 04:00,490,1855.296339,269017.97,22.83,420081.76,23.37,547312.42,46.46,40816.52,3.46
3,Entry Short,Sell,2014-03-07 12:00,635,1855.296339,269017.97,22.83,420081.76,23.37,547312.42,46.46,40816.52,3.46
2,Exit Long,Close Buy,2014-03-07 12:00,635,1530.573199,-27550.32,-2.76,151063.79,-2.34,74998.09,7.50,42856.05,4.29
2,Entry Long,Buy,2014-03-03 16:00,653,1530.573199,-27550.32,-2.76,151063.79,-2.34,74998.09,7.50,42856.05,4.29
1,Exit Short,Close Sell,2014-03-03 16:00,653,1257.845813,178614.11,17.86,178614.11,17.86,496849.10,49.69,40251.07,4.03
1,Entry Short,Sell,2014-01-28 12:00,795,1257.845813,178614.11,17.86,178614.11,17.86,496849.10,49.69,40251.07,4.03